"state_name","code","pop_count","pop_density","region_census_sub_revised","region_code"
"Denmark","DK",5792203,137,"N",1
"Italy","IT",5421242,206,"S",2
"Germany","DE",10099270,240,"E",3
"Spain","ES",67886004,94,"W",4
"United_Kingdom","GB",60461828,281,"W",4
"France","FR",46754783,119,"W",4
"Norway","NO",9006400,15,"N",1
"Belgium","BE",11589616,383,"W",4
"Austria","AT",65273512,109,"E",3
"Sweden","SE",83783945,25,"N",1
"Switzerland","CH",8654618,219,"S",2
"Greece","GR",10423056,81,"E",3
"Portugal","PT",10196707,111,"W",4
"Netherlands","NL",17134873,508,"N",1
